command,mean,stddev,median,user,system,min,max
pdu --quantity=block-size tmp.sample,0.08824632229764706,0.0009385165836516751,0.08810617618,0.0603916705882353,0.2802676176470587,0.08682374268000001,0.09204223768
dust --no-progress tmp.sample,0.11087067529538462,0.00142599474153875,0.11090814018,0.07996731538461538,0.300773423076923,0.10863496868,0.11519778968000001
dua --count-hard-links tmp.sample,0.23102769614153848,0.008622802975885746,0.23122339468000003,0.24455050769230768,0.6001043846153847,0.21747255068000002,0.24866021868000002
ncdu -o /dev/stdout -0 tmp.sample,0.20567806853714288,0.0007003675247474728,0.20576451618000002,0.030503485714285718,0.17510214285714287,0.20427983068000002,0.20656298568000003
gdu --non-interactive --no-progress tmp.sample,0.16840587468,0.0027740349922275235,0.16837532268000002,0.1941457882352941,0.3767510588235294,0.16218384468000002,0.17333628368000004
du --count-links tmp.sample,0.19682583987999996,0.001005994424544279,0.19676942268000003,0.02355446666666667,0.17320273333333333,0.19543893568000004,0.19900517968000003
