{
  "results": [
    {
      "command": "pdu --no-sort tmp.sample",
      "mean": 0.08782244137294119,
      "stddev": 0.0007617431571531366,
      "median": 0.08775445952,
      "user": 0.05933658705882353,
      "system": 0.28015142,
      "min": 0.08652590602,
      "max": 0.08943200402,
      "times": [
        0.08654616402,
        0.08687714402,
        0.08737892402,
        0.08842015902,
        0.08770936102,
        0.08768364002,
        0.08795868402,
        0.08725097702,
        0.08789184902,
        0.08842583502,
        0.08822712302,
        0.08779955802,
        0.08713874802,
        0.08759221202,
        0.08668615602,
        0.08694007602,
        0.08696100902000001,
        0.08908037702,
        0.08818072902,
        0.08765403602,
        0.08754761802,
        0.08652590602,
        0.08826059502,
        0.08795620102,
        0.08791309902,
        0.08769791602,
        0.08845216302,
        0.08764471902,
        0.08688397402,
        0.08943200402,
        0.08866869202,
        0.08854342102,
        0.08878165702,
        0.08925228002
      ],
      "exit_codes": [
        0,
        0,
        0,
        0,
        0,
        0,
        0,
        0,
        0,
        0,
        0,
        0,
        0,
        0,
        0,
        0,
        0,
        0,
        0,
        0,
        0,
        0,
        0,
        0,
        0,
        0,
        0,
        0,
        0,
        0,
        0,
        0,
        0,
        0
      ]
    },
    {
      "command": "du --count-links tmp.sample",
      "mean": 0.19525016708666662,
      "stddev": 0.0006390599442794843,
      "median": 0.19505161002000002,
      "user": 0.02155374,
      "system": 0.17364158666666665,
      "min": 0.19466280302000002,
      "max": 0.19720825902000003,
      "times": [
        0.19492391902000003,
        0.19582618702000001,
        0.19467131902,
        0.19474640902,
        0.19487487802000003,
        0.19527171602,
        0.19509429602000003,
        0.19503189902,
        0.19521988602,
        0.19505161002000002,
        0.19720825902000003,
        0.19565657202000003,
        0.19547148702000003,
        0.19466280302000002,
        0.19504126602000002
      ],
      "exit_codes": [
        0,
        0,
        0,
        0,
        0,
        0,
        0,
        0,
        0,
        0,
        0,
        0,
        0,
        0,
        0
      ]
    },
    {
      "command": "dua --count-hard-links tmp.sample",
      "mean": 0.22884044825076927,
      "stddev": 0.006161123189605843,
      "median": 0.22855445202000002,
      "user": 0.2481656323076923,
      "system": 0.5885672276923075,
      "min": 0.21830607202000002,
      "max": 0.23928667902000003,
      "times": [
        0.22560173702000003,
        0.23274498002000002,
        0.23392788102000003,
        0.23546973502000001,
        0.23274742902000004,
        0.22682584602000003,
        0.23236156802000002,
        0.22484213302000003,
        0.21830607202000002,
        0.23928667902000003,
        0.22855445202000002,
        0.22113708802,
        0.22312022702000003
      ],
      "exit_codes": [
        0,
        0,
        0,
        0,
        0,
        0,
        0,
        0,
        0,
        0,
        0,
        0,
        0
      ]
    },
    {
      "command": "ncdu -o /dev/stdout -0 tmp.sample",
      "mean": 0.20540960859142857,
      "stddev": 0.0005901096012203312,
      "median": 0.20531842102000003,
      "user": 0.03285444,
      "system": 0.1724993485714286,
      "min": 0.20426899002,
      "max": 0.20638707102000003,
      "times": [
        0.20501115102000003,
        0.20531427502000002,
        0.20532256702,
        0.20588696002,
        0.20584956102000002,
        0.20519393102000003,
        0.20638707102000003,
        0.20578193602000003,
        0.20524281202000003,
        0.20524383402000002,
        0.20446521602000003,
        0.20566752202000002,
        0.20426899002,
        0.20609869402000003
      ],
      "exit_codes": [
        0,
        0,
        0,
        0,
        0,
        0,
        0,
        0,
        0,
        0,
        0,
        0,
        0,
        0
      ]
    },
    {
      "command": "gdu --non-interactive --no-progress tmp.sample",
      "mean": 0.1689402259611765,
      "stddev": 0.003624772507344331,
      "median": 0.16778885202000002,
      "user": 0.19510229294117645,
      "system": 0.37759239058823524,
      "min": 0.16410007002000002,
      "max": 0.17716874602000002,
      "times": [
        0.17007465702000002,
        0.16656015302000002,
        0.16562147402000002,
        0.16410007002000002,
        0.16597047902000003,
        0.17716874602000002,
        0.16834655902,
        0.16664178802000001,
        0.16713880202000003,
        0.16746562002,
        0.17013146902,
        0.17626091102000002,
        0.16940170202000002,
        0.17210649302000003,
        0.16591554702000003,
        0.17129051902000003,
        0.16778885202000002
      ],
      "exit_codes": [
        0,
        0,
        0,
        0,
        0,
        0,
        0,
        0,
        0,
        0,
        0,
        0,
        0,
        0,
        0,
        0,
        0
      ]
    }
  ]
}
