command,mean,stddev,median,user,system,min,max
pdu --deduplicate-hardlinks tmp.sample,0.08832751742606061,0.0004932251055116678,0.08829686082000002,0.06121972121212121,0.2800050636363637,0.08744449282000001,0.08936924282000001
dust --no-progress tmp.sample,0.11095576193538463,0.0011613162984346445,0.11068313832000001,0.0756486,0.3050456999999999,0.10863997182000001,0.11428560482000001
dua tmp.sample,0.2276602145123077,0.0048314974357401095,0.22654281982000002,0.25742890769230764,0.5787573153846154,0.22200439882,0.23697310382
ncdu -o /dev/stdout -0 tmp.sample,0.21003143967714286,0.0077392455637547335,0.20724386532,0.031998957142857144,0.1778419142857143,0.20459451082,0.23227313782
gdu --non-interactive --no-progress tmp.sample,0.16853266134941178,0.003513053341667563,0.16929996882,0.19732389411764706,0.37412622941176465,0.16298246382,0.17332429582
du tmp.sample,0.19687013682,0.000528419729967837,0.19679486982,0.021653666666666672,0.17513969999999998,0.19615793482000002,0.19790650782
