{
  "results": [
    {
      "command": "pdu --quantity=block-size tmp.sample",
      "mean": 0.08824632229764706,
      "stddev": 0.0009385165836516751,
      "median": 0.08810617618,
      "user": 0.0603916705882353,
      "system": 0.2802676176470587,
      "min": 0.08682374268000001,
      "max": 0.09204223768,
      "times": [
        0.08708281368000001,
        0.08886374668000001,
        0.08772564968,
        0.08876876968,
        0.08778749468000001,
        0.08886981968,
        0.08759539768,
        0.08728866768,
        0.08793201368,
        0.08783763868000001,
        0.08757911468,
        0.08753825368,
        0.08804447068,
        0.08892966168000001,
        0.08816788168,
        0.08785408868,
        0.08918527468000001,
        0.08875528468,
        0.08967304968,
        0.09204223768,
        0.08886162168,
        0.08719363268000001,
        0.08757367468,
        0.08784503168,
        0.08864415968,
        0.08829670968,
        0.08752192068,
        0.08875342168,
        0.08853632968,
        0.08819711368000001,
        0.08824259168000001,
        0.08784944968,
        0.08682374268000001,
        0.08851422868
      ],
      "exit_codes": [
        0,
        0,
        0,
        0,
        0,
        0,
        0,
        0,
        0,
        0,
        0,
        0,
        0,
        0,
        0,
        0,
        0,
        0,
        0,
        0,
        0,
        0,
        0,
        0,
        0,
        0,
        0,
        0,
        0,
        0,
        0,
        0,
        0,
        0
      ]
    },
    {
      "command": "dust --no-progress tmp.sample",
      "mean": 0.11087067529538462,
      "stddev": 0.00142599474153875,
      "median": 0.11090814018,
      "user": 0.07996731538461538,
      "system": 0.300773423076923,
      "min": 0.10863496868,
      "max": 0.11519778968000001,
      "times": [
        0.11232161668,
        0.11191257568,
        0.11132062868,
        0.11296122268,
        0.11072480668000001,
        0.11519778968000001,
        0.11129842968,
        0.11140657868,
        0.10904004368,
        0.10920153668,
        0.10972153268000001,
        0.10948897868,
        0.10989583868000001,
        0.11166023268,
        0.11099667168,
        0.11119071968000001,
        0.10923085368,
        0.10863496868,
        0.11173216968,
        0.10939455468,
        0.11039438868000001,
        0.11081960868,
        0.11070595068,
        0.11101612368000001,
        0.11211087668,
        0.11025885968
      ],
      "exit_codes": [
        0,
        0,
        0,
        0,
        0,
        0,
        0,
        0,
        0,
        0,
        0,
        0,
        0,
        0,
        0,
        0,
        0,
        0,
        0,
        0,
        0,
        0,
        0,
        0,
        0,
        0
      ]
    },
    {
      "command": "dua --count-hard-links tmp.sample",
      "mean": 0.23102769614153848,
      "stddev": 0.008622802975885746,
      "median": 0.23122339468000003,
      "user": 0.24455050769230768,
      "system": 0.6001043846153847,
      "min": 0.21747255068000002,
      "max": 0.24866021868000002,
      "times": [
        0.22833987668000003,
        0.22200577068000002,
        0.23039004168000002,
        0.24866021868000002,
        0.21862412168000003,
        0.23199442568000003,
        0.23122339468000003,
        0.23692875268000002,
        0.24054598468000002,
        0.23590837668000003,
        0.23207978768000004,
        0.21747255068000002,
        0.22918674768000002
      ],
      "exit_codes": [
        0,
        0,
        0,
        0,
        0,
        0,
        0,
        0,
        0,
        0,
        0,
        0,
        0
      ]
    },
    {
      "command": "ncdu -o /dev/stdout -0 tmp.sample",
      "mean": 0.20567806853714288,
      "stddev": 0.0007003675247474728,
      "median": 0.20576451618000002,
      "user": 0.030503485714285718,
      "system": 0.17510214285714287,
      "min": 0.20427983068000002,
      "max": 0.20656298568000003,
      "times": [
        0.20523241168000003,
        0.20584250668000004,
        0.20558679068000002,
        0.20584673468000003,
        0.20537093968000003,
        0.20451746168,
        0.20642571368,
        0.20568652568000004,
        0.20656298568000003,
        0.20655825768000002,
        0.20590756668000001,
        0.20427983068000002,
        0.20533890968000001,
        0.20633632468000002
      ],
      "exit_codes": [
        0,
        0,
        0,
        0,
        0,
        0,
        0,
        0,
        0,
        0,
        0,
        0,
        0,
        0
      ]
    },
    {
      "command": "gdu --non-interactive --no-progress tmp.sample",
      "mean": 0.16840587468,
      "stddev": 0.0027740349922275235,
      "median": 0.16837532268000002,
      "user": 0.1941457882352941,
      "system": 0.3767510588235294,
      "min": 0.16218384468000002,
      "max": 0.17333628368000004,
      "times": [
        0.16978239768000003,
        0.16962533068000002,
        0.16455875668000003,
        0.16691215068,
        0.16703140668000002,
        0.16829991768000002,
        0.16218384468000002,
        0.16627052268000003,
        0.17173275568000002,
        0.16918073068000003,
        0.17102038568000003,
        0.16837532268000002,
        0.16980422068000003,
        0.17116063368000003,
        0.16703840368000003,
        0.16658680568000003,
        0.17333628368000004
      ],
      "exit_codes": [
        0,
        0,
        0,
        0,
        0,
        0,
        0,
        0,
        0,
        0,
        0,
        0,
        0,
        0,
        0,
        0,
        0
      ]
    },
    {
      "command": "du --count-links tmp.sample",
      "mean": 0.19682583987999996,
      "stddev": 0.001005994424544279,
      "median": 0.19676942268000003,
      "user": 0.02355446666666667,
      "system": 0.17320273333333333,
      "min": 0.19543893568000004,
      "max": 0.19900517968000003,
      "times": [
        0.19554325968000003,
        0.19616181768000002,
        0.19676942268000003,
        0.19747076568000002,
        0.19790468268000003,
        0.19639257968,
        0.19621155268,
        0.19712029768000003,
        0.19575770868000003,
        0.19616066868,
        0.19543893568000004,
        0.19705740668000002,
        0.19779904568000004,
        0.19759427468000001,
        0.19900517968000003
      ],
      "exit_codes": [
        0,
        0,
        0,
        0,
        0,
        0,
        0,
        0,
        0,
        0,
        0,
        0,
        0,
        0,
        0
      ]
    }
  ]
}
