{
  "results": [
    {
      "command": "pdu --progress tmp.sample",
      "mean": 0.10475997296857144,
      "stddev": 0.0002853822124989093,
      "median": 0.10471998754,
      "user": 0.06219576571428571,
      "system": 0.2812979985714285,
      "min": 0.10421483554000001,
      "max": 0.10538026654,
      "times": [
        0.10435026654,
        0.10441104554000001,
        0.10499451754000001,
        0.10461129154000001,
        0.10451960454,
        0.10469956254,
        0.10507703854,
        0.10476183854,
        0.10538026654,
        0.10487403854,
        0.10486111354000001,
        0.10448434254000001,
        0.10491836654,
        0.10535019754000001,
        0.10493056854,
        0.10447439454,
        0.10473922454000001,
        0.10455322054,
        0.10461140554000001,
        0.10459828454,
        0.10496079854000001,
        0.10470075054000001,
        0.10453449554000001,
        0.10421483554000001,
        0.10508720354000001,
        0.10483624354000001,
        0.10507324754000001,
        0.10467107954
      ],
      "exit_codes": [
        0,
        0,
        0,
        0,
        0,
        0,
        0,
        0,
        0,
        0,
        0,
        0,
        0,
        0,
        0,
        0,
        0,
        0,
        0,
        0,
        0,
        0,
        0,
        0,
        0,
        0,
        0,
        0
      ]
    },
    {
      "command": "ncdu -o /dev/stdout -1 tmp.sample",
      "mean": 0.20413614268285715,
      "stddev": 0.000224230946055403,
      "median": 0.20412759854000004,
      "user": 0.03058098,
      "system": 0.1734901057142857,
      "min": 0.20369778954000003,
      "max": 0.20448275854000003,
      "times": [
        0.20420168654000004,
        0.20389644154000003,
        0.20422367654000004,
        0.20369778954000003,
        0.20414526154000004,
        0.20402797254000002,
        0.20448275854000003,
        0.20382406354000002,
        0.20410803154,
        0.20410993554000004,
        0.20442029354000002,
        0.20432808054,
        0.20434170254000003,
        0.20409830354000003
      ],
      "exit_codes": [
        0,
        0,
        0,
        0,
        0,
        0,
        0,
        0,
        0,
        0,
        0,
        0,
        0,
        0
      ]
    },
    {
      "command": "gdu --non-interactive tmp.sample",
      "mean": 0.1785912388929412,
      "stddev": 0.0157363003885941,
      "median": 0.17137962754000002,
      "user": 0.20042774470588234,
      "system": 0.37396911411764705,
      "min": 0.16645308654000002,
      "max": 0.21869669854000004,
      "times": [
        0.16948718654000003,
        0.16645308654000002,
        0.16869489154000003,
        0.16732001354000003,
        0.17288202454,
        0.17137962754000002,
        0.17083760654000002,
        0.17351929554000003,
        0.17154412854000003,
        0.18197133854000003,
        0.21869669854000004,
        0.21122044054000003,
        0.19855760654000001,
        0.18174754054000003,
        0.16984438254000003,
        0.17057333554000004,
        0.17132185754
      ],
      "exit_codes": [
        0,
        0,
        0,
        0,
        0,
        0,
        0,
        0,
        0,
        0,
        0,
        0,
        0,
        0,
        0,
        0,
        0
      ]
    }
  ]
}
