{
  "results": [
    {
      "command": "pdu --no-sort --max-depth=1 tmp.sample",
      "mean": 0.08270383864000001,
      "stddev": 0.0006602692585710678,
      "median": 0.08263022444000001,
      "user": 0.05211171428571428,
      "system": 0.27172278571428565,
      "min": 0.08153405844,
      "max": 0.08421996444,
      "times": [
        0.08418909444,
        0.08246536744,
        0.08324674144000001,
        0.08247688944,
        0.08302301844000001,
        0.08165442444000001,
        0.08153405844,
        0.08216631544000001,
        0.08309610744000001,
        0.08270682344000001,
        0.08306483244000001,
        0.08199821844,
        0.08268373744,
        0.08279482644000001,
        0.08263022444000001,
        0.08239747944,
        0.08325974744,
        0.08329821444,
        0.08276642744000001,
        0.08421996444,
        0.08401108644000001,
        0.08346209544000001,
        0.08277566444000001,
        0.08218401444000001,
        0.08241460544000001,
        0.08210044844,
        0.08253668044000001,
        0.08312514244000001,
        0.08315633344000001,
        0.08239735144,
        0.08155974544000001,
        0.08243013044000001,
        0.08211435744000001,
        0.08236961744,
        0.08232456644000001
      ],
      "exit_codes": [
        0,
        0,
        0,
        0,
        0,
        0,
        0,
        0,
        0,
        0,
        0,
        0,
        0,
        0,
        0,
        0,
        0,
        0,
        0,
        0,
        0,
        0,
        0,
        0,
        0,
        0,
        0,
        0,
        0,
        0,
        0,
        0,
        0,
        0,
        0
      ]
    },
    {
      "command": "dua --count-hard-links tmp.sample",
      "mean": 0.23181453090153845,
      "stddev": 0.005633589032412031,
      "median": 0.23193287144000002,
      "user": 0.24902552307692302,
      "system": 0.5967099307692307,
      "min": 0.22313157244,
      "max": 0.24473566744000003,
      "times": [
        0.22988031644,
        0.23386240044,
        0.23779610344000002,
        0.22641942144000002,
        0.23422131544000002,
        0.23439688644,
        0.24473566744000003,
        0.22522905944000002,
        0.23193287144000002,
        0.22313157244,
        0.23258018344,
        0.23010017544000003,
        0.22930292844000003
      ],
      "exit_codes": [
        0,
        0,
        0,
        0,
        0,
        0,
        0,
        0,
        0,
        0,
        0,
        0,
        0
      ]
    },
    {
      "command": "ncdu -o /dev/null -0 tmp.sample",
      "mean": 0.20536646836857145,
      "stddev": 0.0005640812820327958,
      "median": 0.20532547144000002,
      "user": 0.033096242857142855,
      "system": 0.1721992714285714,
      "min": 0.20423840344000002,
      "max": 0.20639351244,
      "times": [
        0.20501376544000002,
        0.20639351244,
        0.20563020344000002,
        0.20562930744000002,
        0.20485129144000003,
        0.20423840344000002,
        0.20537130144000001,
        0.20514514044,
        0.20527964144000002,
        0.20581846244000002,
        0.20584592644000002,
        0.20602409544000003,
        0.20491513344,
        0.20497437244000002
      ],
      "exit_codes": [
        0,
        0,
        0,
        0,
        0,
        0,
        0,
        0,
        0,
        0,
        0,
        0,
        0,
        0
      ]
    },
    {
      "command": "gdu --non-interactive --no-progress tmp.sample",
      "mean": 0.16876846143999996,
      "stddev": 0.003911615874637744,
      "median": 0.16810108844000002,
      "user": 0.19883304444444447,
      "system": 0.3718351444444445,
      "min": 0.16365608644000001,
      "max": 0.17696146844000002,
      "times": [
        0.16588721344000001,
        0.17136316544000002,
        0.16721585244,
        0.16365608644000001,
        0.16416383144000002,
        0.16476535444,
        0.16835275744,
        0.17671986944,
        0.17293880444,
        0.16619285944,
        0.17696146844000002,
        0.16833657744000002,
        0.16786559944,
        0.17144822744000002,
        0.16603959444000002,
        0.16908299944000002,
        0.16632512544,
        0.17051691944000003
      ],
      "exit_codes": [
        0,
        0,
        0,
        0,
        0,
        0,
        0,
        0,
        0,
        0,
        0,
        0,
        0,
        0,
        0,
        0,
        0,
        0
      ]
    },
    {
      "command": "du --count-links --summarize tmp.sample",
      "mean": 0.19290530810666667,
      "stddev": 0.0005184324449629287,
      "median": 0.19290328644000002,
      "user": 0.021486333333333336,
      "system": 0.1713546333333333,
      "min": 0.19218799644,
      "max": 0.19384258444000002,
      "times": [
        0.19226395844000002,
        0.19218799644,
        0.19248007944,
        0.19328918544,
        0.19384258444000002,
        0.19236961544,
        0.19340967044000001,
        0.19229572744,
        0.19309856944,
        0.19283159344,
        0.19358163844,
        0.19304873744,
        0.19329074744000002,
        0.19268623144000002,
        0.19290328644000002
      ],
      "exit_codes": [
        0,
        0,
        0,
        0,
        0,
        0,
        0,
        0,
        0,
        0,
        0,
        0,
        0,
        0,
        0
      ]
    }
  ]
}
