command,mean,stddev,median,user,system,min,max
pdu --quantity=apparent-size tmp.sample,0.08869736019333332,0.002145346511234856,0.08797581996,0.06033127333333333,0.28065705999999996,0.08663162796,0.09819091896000001
dust --no-progress --apparent-size tmp.sample,0.11373188276000001,0.01573829427311232,0.10584716846,0.07361149000000002,0.30278865999999993,0.10192232996,0.15680942796
dua --count-hard-links --apparent-size tmp.sample,0.26781589756,0.007577366039115324,0.26899874146,0.23280124,0.7240947600000001,0.25860999796,0.28254032796
ncdu -o /dev/stdout -0 tmp.sample,0.21112370317428572,0.008598828674159516,0.20664793496,0.032819997142857146,0.17823650285714285,0.20432177196,0.23218553996000002
gdu --show-apparent-size --non-interactive --no-progress tmp.sample,0.1682167233717647,0.0024911507648119943,0.16801611496000002,0.19424113999999992,0.37635221294117643,0.16370374996,0.17289902796
du --count-links --apparent-size tmp.sample,0.19728098196000002,0.0020062380723334626,0.19680694896,0.02161380666666667,0.17558326,0.19533845496000002,0.20387022596
