command,mean,stddev,median,user,system,min,max
pdu --no-sort tmp.sample,0.08782244137294119,0.0007617431571531366,0.08775445952,0.05933658705882353,0.28015142,0.08652590602,0.08943200402
du --count-links tmp.sample,0.19525016708666662,0.0006390599442794843,0.19505161002000002,0.02155374,0.17364158666666665,0.19466280302000002,0.19720825902000003
dua --count-hard-links tmp.sample,0.22884044825076927,0.006161123189605843,0.22855445202000002,0.2481656323076923,0.5885672276923075,0.21830607202000002,0.23928667902000003
ncdu -o /dev/stdout -0 tmp.sample,0.20540960859142857,0.0005901096012203312,0.20531842102000003,0.03285444,0.1724993485714286,0.20426899002,0.20638707102000003
gdu --non-interactive --no-progress tmp.sample,0.1689402259611765,0.003624772507344331,0.16778885202000002,0.19510229294117645,0.37759239058823524,0.16410007002000002,0.17716874602000002
