{
  "results": [
    {
      "command": "pdu --min-ratio=0 tmp.sample",
      "mean": 0.34213598852000005,
      "stddev": 0.004433810770476222,
      "median": 0.34104775202000004,
      "user": 0.26512575999999993,
      "system": 0.32899522000000003,
      "min": 0.33636556552,
      "max": 0.34968757652000004,
      "times": [
        0.33636556552,
        0.34810851152000005,
        0.33988374052000003,
        0.34968757652000004,
        0.34382097752,
        0.33981696452000004,
        0.34471895552000004,
        0.34167579652,
        0.34041970752000006,
        0.33686208952
      ],
      "exit_codes": [
        0,
        0,
        0,
        0,
        0,
        0,
        0,
        0,
        0,
        0
      ]
    },
    {
      "command": "dutree tmp.sample",
      "mean": 3.99301115552,
      "stddev": 0.012631847506837149,
      "median": 3.99473294752,
      "user": 0.50672326,
      "system": 3.48592272,
      "min": 3.96516517352,
      "max": 4.01082630152,
      "times": [
        3.9957893595200003,
        4.01082630152,
        4.00238913952,
        3.98617567052,
        3.96516517352,
        3.9900069675200003,
        4.00400032252,
        3.98543244252,
        3.99367653552,
        3.99664964252
      ],
      "exit_codes": [
        0,
        0,
        0,
        0,
        0,
        0,
        0,
        0,
        0,
        0
      ]
    },
    {
      "command": "ncdu -o /dev/stdout -0 tmp.sample",
      "mean": 0.20462499252000002,
      "stddev": 0.00035637671447565083,
      "median": 0.20460538552000002,
      "user": 0.03365087428571429,
      "system": 0.17095617714285716,
      "min": 0.20402979252000003,
      "max": 0.20527285552000002,
      "times": [
        0.20527285552000002,
        0.20444578652000003,
        0.20477422852000002,
        0.20432144552000003,
        0.20456973752000002,
        0.20402979252000003,
        0.20424248852000002,
        0.20423275052000003,
        0.20488007452,
        0.20481887052000003,
        0.20517069552000003,
        0.20478039852000002,
        0.20463666552,
        0.20457410552000002
      ],
      "exit_codes": [
        0,
        0,
        0,
        0,
        0,
        0,
        0,
        0,
        0,
        0,
        0,
        0,
        0,
        0
      ]
    },
    {
      "command": "du --count-links --apparent-size tmp.sample",
      "mean": 0.1949538863866667,
      "stddev": 0.00071237935992999,
      "median": 0.19492893352000001,
      "user": 0.021840793333333327,
      "system": 0.17309551999999997,
      "min": 0.19368548952000003,
      "max": 0.19608635652000003,
      "times": [
        0.19577754252000001,
        0.19536864152000002,
        0.19472401252000002,
        0.19492893352000001,
        0.19432295652000003,
        0.19446917352,
        0.19460266652000002,
        0.19608635652000003,
        0.19504065152000002,
        0.19464246052000003,
        0.19556442552000003,
        0.19555316752000002,
        0.19567915452,
        0.19386266352000003,
        0.19368548952000003
      ],
      "exit_codes": [
        0,
        0,
        0,
        0,
        0,
        0,
        0,
        0,
        0,
        0,
        0,
        0,
        0,
        0,
        0
      ]
    }
  ]
}
