command,mean,stddev,median,user,system,min,max
pdu --max-depth=1 tmp.sample,0.08324716074857144,0.0005408190336156861,0.08323094112,0.052712577142857146,0.2730584114285715,0.08222441812,0.08442723712
dutree --summary tmp.sample,0.37705294382,0.0013172810760392361,0.37675829862,0.04037832,0.33659574000000003,0.37526726512,0.37964653012
dua --count-hard-links tmp.sample,0.23098587545333335,0.007016516129664824,0.22999678112000002,0.24841738666666666,0.59775659,0.21885412412000002,0.24298926012000002
du --count-links --summarize tmp.sample,0.19309069998666667,0.0008445458841581996,0.19280764412000004,0.021891986666666665,0.1711341733333333,0.19222624312000003,0.19525307412000004
