command,mean,stddev,median,user,system,min,max
pdu --min-ratio=0 tmp.sample,0.34213598852000005,0.004433810770476222,0.34104775202000004,0.26512575999999993,0.32899522000000003,0.33636556552,0.34968757652000004
dutree tmp.sample,3.99301115552,0.012631847506837149,3.99473294752,0.50672326,3.48592272,3.96516517352,4.01082630152
ncdu -o /dev/stdout -0 tmp.sample,0.20462499252000002,0.00035637671447565083,0.20460538552000002,0.03365087428571429,0.17095617714285716,0.20402979252000003,0.20527285552000002
du --count-links --apparent-size tmp.sample,0.1949538863866667,0.00071237935992999,0.19492893352000001,0.021840793333333327,0.17309551999999997,0.19368548952000003,0.19608635652000003
