{
  "results": [
    {
      "command": "pdu --quantity=apparent-size tmp.sample",
      "mean": 0.08869736019333332,
      "stddev": 0.002145346511234856,
      "median": 0.08797581996,
      "user": 0.06033127333333333,
      "system": 0.28065705999999996,
      "min": 0.08663162796,
      "max": 0.09819091896000001,
      "times": [
        0.09819091896000001,
        0.08973953396,
        0.09079364096,
        0.09228289096,
        0.08865527996,
        0.08918339996,
        0.08663241096,
        0.08755462196000001,
        0.08832236496000001,
        0.08875224196,
        0.08734052996000001,
        0.08945067296,
        0.08741143096000001,
        0.08775535996,
        0.08774820696,
        0.08781925596000001,
        0.08747018096,
        0.08663162796,
        0.08895290996,
        0.08772343896000001,
        0.08885513796000001,
        0.08741392296,
        0.08785726896000001,
        0.08782532196000001,
        0.08898232196,
        0.08796659296,
        0.08934856296,
        0.08854870296,
        0.08772700696,
        0.08798504696000001
      ],
      "exit_codes": [
        0,
        0,
        0,
        0,
        0,
        0,
        0,
        0,
        0,
        0,
        0,
        0,
        0,
        0,
        0,
        0,
        0,
        0,
        0,
        0,
        0,
        0,
        0,
        0,
        0,
        0,
        0,
        0,
        0,
        0
      ]
    },
    {
      "command": "dust --no-progress --apparent-size tmp.sample",
      "mean": 0.11373188276000001,
      "stddev": 0.01573829427311232,
      "median": 0.10584716846,
      "user": 0.07361149000000002,
      "system": 0.30278865999999993,
      "min": 0.10192232996,
      "max": 0.15680942796,
      "times": [
        0.14251249196000002,
        0.13549386996,
        0.15680942796,
        0.10553672996,
        0.10478144696000001,
        0.10615760696000001,
        0.10918516796000001,
        0.12682942696000002,
        0.11863378096,
        0.11715721596,
        0.12252510696,
        0.10946996696000001,
        0.10261216296,
        0.10192232996,
        0.10264449296,
        0.10208475296000001,
        0.10277997196000001,
        0.10202089296000001,
        0.10253981996,
        0.10294099196
      ],
      "exit_codes": [
        0,
        0,
        0,
        0,
        0,
        0,
        0,
        0,
        0,
        0,
        0,
        0,
        0,
        0,
        0,
        0,
        0,
        0,
        0,
        0
      ]
    },
    {
      "command": "dua --count-hard-links --apparent-size tmp.sample",
      "mean": 0.26781589756,
      "stddev": 0.007577366039115324,
      "median": 0.26899874146,
      "user": 0.23280124,
      "system": 0.7240947600000001,
      "min": 0.25860999796,
      "max": 0.28254032796,
      "times": [
        0.27294085096,
        0.27313945895999997,
        0.26904277096,
        0.27000018196,
        0.25860999796,
        0.26368899496,
        0.26053268296,
        0.28254032796,
        0.26895471196,
        0.25870899696
      ],
      "exit_codes": [
        0,
        0,
        0,
        0,
        0,
        0,
        0,
        0,
        0,
        0
      ]
    },
    {
      "command": "ncdu -o /dev/stdout -0 tmp.sample",
      "mean": 0.21112370317428572,
      "stddev": 0.008598828674159516,
      "median": 0.20664793496,
      "user": 0.032819997142857146,
      "system": 0.17823650285714285,
      "min": 0.20432177196,
      "max": 0.23218553996000002,
      "times": [
        0.20666388896000001,
        0.20432177196,
        0.20669772196000002,
        0.20624778496,
        0.20663198096000002,
        0.21235166096000002,
        0.22371015396000002,
        0.22242486296000002,
        0.23218553996000002,
        0.20980119696000002,
        0.20590870696000002,
        0.20573887596,
        0.20642448396000002,
        0.20662321396000002
      ],
      "exit_codes": [
        0,
        0,
        0,
        0,
        0,
        0,
        0,
        0,
        0,
        0,
        0,
        0,
        0,
        0
      ]
    },
    {
      "command": "gdu --show-apparent-size --non-interactive --no-progress tmp.sample",
      "mean": 0.1682167233717647,
      "stddev": 0.0024911507648119943,
      "median": 0.16801611496000002,
      "user": 0.19424113999999992,
      "system": 0.37635221294117643,
      "min": 0.16370374996,
      "max": 0.17289902796,
      "times": [
        0.16621015496000002,
        0.17112516996000002,
        0.16996234596,
        0.17289902796,
        0.17144066896000001,
        0.16740677196,
        0.16801611496000002,
        0.17017469596,
        0.16893027896,
        0.16958695296,
        0.16370374996,
        0.16701695296000002,
        0.16656497396,
        0.16724570896000002,
        0.16435960996,
        0.16625521596,
        0.16878590296
      ],
      "exit_codes": [
        0,
        0,
        0,
        0,
        0,
        0,
        0,
        0,
        0,
        0,
        0,
        0,
        0,
        0,
        0,
        0,
        0
      ]
    },
    {
      "command": "du --count-links --apparent-size tmp.sample",
      "mean": 0.19728098196000002,
      "stddev": 0.0020062380723334626,
      "median": 0.19680694896,
      "user": 0.02161380666666667,
      "system": 0.17558326,
      "min": 0.19533845496000002,
      "max": 0.20387022596,
      "times": [
        0.19533845496000002,
        0.19646781896,
        0.19605700396,
        0.19655119296,
        0.19613870696000002,
        0.20387022596,
        0.19874671896,
        0.19787568696000002,
        0.19603922096,
        0.19682562396,
        0.19667311796,
        0.19682036396000002,
        0.19680694896,
        0.19744572796,
        0.19755791596000002
      ],
      "exit_codes": [
        0,
        0,
        0,
        0,
        0,
        0,
        0,
        0,
        0,
        0,
        0,
        0,
        0,
        0,
        0
      ]
    }
  ]
}
