command,mean,stddev,median,user,system,min,max
pdu --progress tmp.sample,0.10475997296857144,0.0002853822124989093,0.10471998754,0.06219576571428571,0.2812979985714285,0.10421483554000001,0.10538026654
ncdu -o /dev/stdout -1 tmp.sample,0.20413614268285715,0.000224230946055403,0.20412759854000004,0.03058098,0.1734901057142857,0.20369778954000003,0.20448275854000003
gdu --non-interactive tmp.sample,0.1785912388929412,0.0157363003885941,0.17137962754000002,0.20042774470588234,0.37396911411764705,0.16645308654000002,0.21869669854000004
