{
  "results": [
    {
      "command": "pdu --top-down tmp.sample",
      "mean": 0.08806926532235296,
      "stddev": 0.0006593216307102518,
      "median": 0.08809426094,
      "user": 0.06149531176470589,
      "system": 0.27844270470588234,
      "min": 0.08691805294,
      "max": 0.08924735894000001,
      "times": [
        0.08691805294,
        0.08819325794,
        0.08862547894,
        0.08833091694,
        0.08768708694,
        0.08836511194,
        0.08842474494000001,
        0.08756520594,
        0.08783376894,
        0.08738892494,
        0.08721247994,
        0.08845019194,
        0.08775383694000001,
        0.08858082894000001,
        0.08858659194,
        0.08823196394,
        0.08816735894000001,
        0.08766970094,
        0.08802116294000001,
        0.08834591094000001,
        0.08773015094,
        0.08760746794,
        0.08715078594,
        0.08767317794,
        0.08880796594,
        0.08797959894,
        0.08835007594000001,
        0.08923889794,
        0.08923556294,
        0.08762038194,
        0.08924569994,
        0.08709019594,
        0.08924735894000001,
        0.08702512194
      ],
      "exit_codes": [
        0,
        0,
        0,
        0,
        0,
        0,
        0,
        0,
        0,
        0,
        0,
        0,
        0,
        0,
        0,
        0,
        0,
        0,
        0,
        0,
        0,
        0,
        0,
        0,
        0,
        0,
        0,
        0,
        0,
        0,
        0,
        0,
        0,
        0
      ]
    },
    {
      "command": "dust --no-progress --reverse tmp.sample",
      "mean": 0.11019862508814816,
      "stddev": 0.0010739171160073016,
      "median": 0.11038967794,
      "user": 0.07973028888888889,
      "system": 0.2999964585185186,
      "min": 0.10850460394,
      "max": 0.11203005194,
      "times": [
        0.11038967794,
        0.10910395194,
        0.11203005194,
        0.11164550894,
        0.10873828494,
        0.10889191394,
        0.10999138294000001,
        0.10860501394000001,
        0.11045399594000001,
        0.11099528594000001,
        0.11153859094,
        0.11029901194000001,
        0.10958396094,
        0.10850460394,
        0.10873007294,
        0.10940554194,
        0.10998857194,
        0.11053498994000001,
        0.11057475994,
        0.11049812194,
        0.11030436494000001,
        0.11199080494000001,
        0.11054986494,
        0.11093450694000001,
        0.11162982694000001,
        0.10883941694,
        0.11061079694
      ],
      "exit_codes": [
        0,
        0,
        0,
        0,
        0,
        0,
        0,
        0,
        0,
        0,
        0,
        0,
        0,
        0,
        0,
        0,
        0,
        0,
        0,
        0,
        0,
        0,
        0,
        0,
        0,
        0,
        0
      ]
    }
  ]
}
