{
  "results": [
    {
      "command": "pdu --deduplicate-hardlinks tmp.sample",
      "mean": 0.08832751742606061,
      "stddev": 0.0004932251055116678,
      "median": 0.08829686082000002,
      "user": 0.06121972121212121,
      "system": 0.2800050636363637,
      "min": 0.08744449282000001,
      "max": 0.08936924282000001,
      "times": [
        0.08894998382000001,
        0.08935682982000001,
        0.08859561482000002,
        0.08858068682000002,
        0.08842120882000001,
        0.08792725082000001,
        0.08780218782000002,
        0.08878156382,
        0.08751299682000001,
        0.08819906082000001,
        0.08842967182000001,
        0.08744449282000001,
        0.08867452482000002,
        0.08821720582,
        0.08804393782000002,
        0.08808709182000002,
        0.08833515882000001,
        0.08774768582000002,
        0.08851004482000001,
        0.08851334682,
        0.08911457882000001,
        0.08829069682000001,
        0.08936924282000001,
        0.08818527282000001,
        0.08811856882,
        0.08799502682000002,
        0.08762387882000001,
        0.08886651082000001,
        0.08876593282000002,
        0.08791988182000002,
        0.08841406782000001,
        0.08771700982000001,
        0.08829686082000002
      ],
      "exit_codes": [
        0,
        0,
        0,
        0,
        0,
        0,
        0,
        0,
        0,
        0,
        0,
        0,
        0,
        0,
        0,
        0,
        0,
        0,
        0,
        0,
        0,
        0,
        0,
        0,
        0,
        0,
        0,
        0,
        0,
        0,
        0,
        0,
        0
      ]
    },
    {
      "command": "dust --no-progress tmp.sample",
      "mean": 0.11095576193538463,
      "stddev": 0.0011613162984346445,
      "median": 0.11068313832000001,
      "user": 0.0756486,
      "system": 0.3050456999999999,
      "min": 0.10863997182000001,
      "max": 0.11428560482000001,
      "times": [
        0.11307418882000002,
        0.11038357082000001,
        0.10994784082000002,
        0.11080968382000002,
        0.11000558782000001,
        0.11043878282000001,
        0.11017318582000002,
        0.11078860482000001,
        0.11035299782,
        0.11428560482000001,
        0.11101080182000002,
        0.11262923482000001,
        0.11160321282000002,
        0.11016857682000002,
        0.11011900882000002,
        0.11025191682000002,
        0.11044750982000001,
        0.11057767182000001,
        0.11199168182000001,
        0.11127461882000002,
        0.11116604682000002,
        0.11087270782000001,
        0.11010205982000001,
        0.10863997182000001,
        0.11217025382000001,
        0.11156448782000002
      ],
      "exit_codes": [
        0,
        0,
        0,
        0,
        0,
        0,
        0,
        0,
        0,
        0,
        0,
        0,
        0,
        0,
        0,
        0,
        0,
        0,
        0,
        0,
        0,
        0,
        0,
        0,
        0,
        0
      ]
    },
    {
      "command": "dua tmp.sample",
      "mean": 0.2276602145123077,
      "stddev": 0.0048314974357401095,
      "median": 0.22654281982000002,
      "user": 0.25742890769230764,
      "system": 0.5787573153846154,
      "min": 0.22200439882,
      "max": 0.23697310382,
      "times": [
        0.22200439882,
        0.23182836882000002,
        0.22713599682000002,
        0.22390780882,
        0.22478748882000002,
        0.22388582282,
        0.23697310382,
        0.22467436882,
        0.22876285082,
        0.22654281982000002,
        0.22276455982,
        0.23077168182000002,
        0.23554351882000002
      ],
      "exit_codes": [
        0,
        0,
        0,
        0,
        0,
        0,
        0,
        0,
        0,
        0,
        0,
        0,
        0
      ]
    },
    {
      "command": "ncdu -o /dev/stdout -0 tmp.sample",
      "mean": 0.21003143967714286,
      "stddev": 0.0077392455637547335,
      "median": 0.20724386532,
      "user": 0.031998957142857144,
      "system": 0.1778419142857143,
      "min": 0.20459451082,
      "max": 0.23227313782,
      "times": [
        0.20503625182000002,
        0.20483355482,
        0.20459451082,
        0.20598520482000002,
        0.22158000282,
        0.23227313782,
        0.20862149282,
        0.20727676382000002,
        0.20721096682,
        0.20844692882000002,
        0.20709412082,
        0.20714440582000002,
        0.21296769882,
        0.20737511482
      ],
      "exit_codes": [
        0,
        0,
        0,
        0,
        0,
        0,
        0,
        0,
        0,
        0,
        0,
        0,
        0,
        0
      ]
    },
    {
      "command": "gdu --non-interactive --no-progress tmp.sample",
      "mean": 0.16853266134941178,
      "stddev": 0.003513053341667563,
      "median": 0.16929996882,
      "user": 0.19732389411764706,
      "system": 0.37412622941176465,
      "min": 0.16298246382,
      "max": 0.17332429582,
      "times": [
        0.17065443482,
        0.16369570882,
        0.16699898482,
        0.16571804082,
        0.16447736282,
        0.16725716082,
        0.17149471882,
        0.17332429582,
        0.17304626082,
        0.16556080882000002,
        0.17166779082,
        0.17032143282,
        0.16298246382,
        0.16486760282000001,
        0.16929996882,
        0.17134616182,
        0.17234204482
      ],
      "exit_codes": [
        0,
        0,
        0,
        0,
        0,
        0,
        0,
        0,
        0,
        0,
        0,
        0,
        0,
        0,
        0,
        0,
        0
      ]
    },
    {
      "command": "du tmp.sample",
      "mean": 0.19687013682,
      "stddev": 0.000528419729967837,
      "median": 0.19679486982,
      "user": 0.021653666666666672,
      "system": 0.17513969999999998,
      "min": 0.19615793482000002,
      "max": 0.19790650782,
      "times": [
        0.19615793482000002,
        0.19638003082,
        0.19740680882,
        0.19679486982,
        0.19790650782,
        0.19636686382000001,
        0.19732752982,
        0.19744383782,
        0.19677049382,
        0.19656618382000002,
        0.19714330782,
        0.19715609982,
        0.19619471882,
        0.19706588382,
        0.19637098082
      ],
      "exit_codes": [
        0,
        0,
        0,
        0,
        0,
        0,
        0,
        0,
        0,
        0,
        0,
        0,
        0,
        0,
        0
      ]
    }
  ]
}
