command,mean,stddev,median,user,system,min,max
pdu --no-sort --max-depth=1 tmp.sample,0.08270383864000001,0.0006602692585710678,0.08263022444000001,0.05211171428571428,0.27172278571428565,0.08153405844,0.08421996444
dua --count-hard-links tmp.sample,0.23181453090153845,0.005633589032412031,0.23193287144000002,0.24902552307692302,0.5967099307692307,0.22313157244,0.24473566744000003
ncdu -o /dev/null -0 tmp.sample,0.20536646836857145,0.0005640812820327958,0.20532547144000002,0.033096242857142855,0.1721992714285714,0.20423840344000002,0.20639351244
gdu --non-interactive --no-progress tmp.sample,0.16876846143999996,0.003911615874637744,0.16810108844000002,0.19883304444444447,0.3718351444444445,0.16365608644000001,0.17696146844000002
du --count-links --summarize tmp.sample,0.19290530810666667,0.0005184324449629287,0.19290328644000002,0.021486333333333336,0.1713546333333333,0.19218799644,0.19384258444000002
