command,mean,stddev,median,user,system,min,max
pdu --top-down tmp.sample,0.08806926532235296,0.0006593216307102518,0.08809426094,0.06149531176470589,0.27844270470588234,0.08691805294,0.08924735894000001
dust --no-progress --reverse tmp.sample,0.11019862508814816,0.0010739171160073016,0.11038967794,0.07973028888888889,0.2999964585185186,0.10850460394,0.11203005194
