{
  "results": [
    {
      "command": "pdu --max-depth=1 tmp.sample",
      "mean": 0.08324716074857144,
      "stddev": 0.0005408190336156861,
      "median": 0.08323094112,
      "user": 0.052712577142857146,
      "system": 0.2730584114285715,
      "min": 0.08222441812,
      "max": 0.08442723712,
      "times": [
        0.08291002612000001,
        0.08364715612000001,
        0.08307426512,
        0.08277705412,
        0.08427552512,
        0.08340083212,
        0.08269201312,
        0.08392683612,
        0.08362909312,
        0.08421117512000001,
        0.08330718412,
        0.08292200812,
        0.08301265812,
        0.08332411312,
        0.08320096912000001,
        0.08277789812,
        0.08320467412,
        0.08252083912000001,
        0.08244129112000001,
        0.08354155512,
        0.08347432612,
        0.08312034412000001,
        0.08279559412000001,
        0.08310689712000001,
        0.08333622312,
        0.08241615812,
        0.08222441812,
        0.08256744512,
        0.08366276712000001,
        0.08334749112,
        0.08442723712,
        0.08397979312000001,
        0.08360580712,
        0.08323094112,
        0.08355801712000001
      ],
      "exit_codes": [
        0,
        0,
        0,
        0,
        0,
        0,
        0,
        0,
        0,
        0,
        0,
        0,
        0,
        0,
        0,
        0,
        0,
        0,
        0,
        0,
        0,
        0,
        0,
        0,
        0,
        0,
        0,
        0,
        0,
        0,
        0,
        0,
        0,
        0,
        0
      ]
    },
    {
      "command": "dutree --summary tmp.sample",
      "mean": 0.37705294382,
      "stddev": 0.0013172810760392361,
      "median": 0.37675829862,
      "user": 0.04037832,
      "system": 0.33659574000000003,
      "min": 0.37526726512,
      "max": 0.37964653012,
      "times": [
        0.37614950012000004,
        0.37838614612,
        0.37777493912,
        0.37964653012,
        0.37526726512,
        0.37635065012,
        0.37638032612,
        0.37713627112000003,
        0.37587894312000003,
        0.37755886712000003
      ],
      "exit_codes": [
        0,
        0,
        0,
        0,
        0,
        0,
        0,
        0,
        0,
        0
      ]
    },
    {
      "command": "dua --count-hard-links tmp.sample",
      "mean": 0.23098587545333335,
      "stddev": 0.007016516129664824,
      "median": 0.22999678112000002,
      "user": 0.24841738666666666,
      "system": 0.59775659,
      "min": 0.21885412412000002,
      "max": 0.24298926012000002,
      "times": [
        0.23237196712000002,
        0.23739383212000004,
        0.22901690312000003,
        0.21885412412000002,
        0.22493113212000002,
        0.23732683812000002,
        0.22360421612000003,
        0.22967617012000002,
        0.22700841812000003,
        0.23834025212000004,
        0.23031739212000002,
        0.24298926012000002
      ],
      "exit_codes": [
        0,
        0,
        0,
        0,
        0,
        0,
        0,
        0,
        0,
        0,
        0,
        0
      ]
    },
    {
      "command": "du --count-links --summarize tmp.sample",
      "mean": 0.19309069998666667,
      "stddev": 0.0008445458841581996,
      "median": 0.19280764412000004,
      "user": 0.021891986666666665,
      "system": 0.1711341733333333,
      "min": 0.19222624312000003,
      "max": 0.19525307412000004,
      "times": [
        0.19222624312000003,
        0.19314122512000004,
        0.19280764412000004,
        0.19316845612000003,
        0.19311343412000004,
        0.19242134612000003,
        0.19280459912000003,
        0.19237018112,
        0.19257052312000003,
        0.19264092512000003,
        0.19309011012000002,
        0.19247150012000003,
        0.19371445112000002,
        0.19456678712000003,
        0.19525307412000004
      ],
      "exit_codes": [
        0,
        0,
        0,
        0,
        0,
        0,
        0,
        0,
        0,
        0,
        0,
        0,
        0,
        0,
        0
      ]
    }
  ]
}
